name,id,found,desc
Adoración Salas Chonco,Q112133372,Adoracion Salas Chonco,Equatoguinean politician
Agustin Nse Nfumu,Q36908601,Agustín Nze Nfumu,Equatoguinean politician
Agustin Nze Nfumu,Q36908601,Agustín Nze Nfumu,Equatoguinean politician
Agustín Nse Nfumu,Q36908601,Agustín Nze Nfumu,Equatoguinean politician
Alfonso Nsué Mokuy,Q112128551,Alfonso Nsue Mokuy,Equatoguinean politician
Alfredo Mitogo Mitogo Ada,Q112133375,Alfredo Mitogo Mitogo,Equatoguinean politician
Amparo Mele Kolifa,Q112133712,Amparo Mele Kolifa,Equatoguinean politician
Anastasio Asumu Mum Muñoz,Q112133227,Anastasio Asumu Mum Muñoz,Equatoguinean politician
Anatolio Ndong Mba,Q112133563,Anatolio Ndong Mba,Equatoguinean politician
Angel Masié Mibuy,Q112128540,Angel Masie Mibuy,Equatoguinean politician
Angel Mesie Mibuy,Q112133230,Angel Mesie Mibuy,Equatoguinean politician
Angel Serafin Seriche Dougan,Q251902,Ángel Serafín Seriche Dougan,Equatorial Guinea politician
Anselmo Ondó Esono,Q112133234,Anselmo Ondo Esono Asangono,Equatoguinean politician
Antonio Javier Nguema Nchama,Q112133235,Antonio Javier Nguema Nchama,Equatoguinean politician
Antonio Mba Nguema Mikue,Q63731266,Antonio Mba Nguema,
Antonio Oko Ebobo,Q112133236,Antonio Pascual Oko Ebobo,Equatoguinean politician
Antonio-Pascual Oko Ebobo,Q112133236,Antonio Pascual Oko Ebobo,Equatoguinean politician
Carlos Eyi Obama,Q112128527,Carlos Eyi Obama Nsang,Equatoguinean politician
Carlos Nsue Otong,Q103916241,Carlos Nguema Nsue Otong,
Carmelo Modu Acuse Bindang,Q112162970,Carmelo Modu Acusé Bindang,Equatoguinean politician
Celestino Bonifacio Bacale Obiang,Q5057941,Celestino Bonifacio Bacale,Equatorial-Guinean politician (1957-2021)
Clemente Engonga Andeme,Q112162972,Clemente Engonga Nguema Andeme,Equatoguinean politician
Constantino Ekong,Q112162973,Constantino Ekong Zue,Equatoguinean politician
Consuelo Ondó Nsang,Q112133389,Consuelo Ondo Nsang,Equatoguinean politician
Diosdado Nsue Milang,Q112054486,Diosdado Vicente Nsue Milang,Equatoguinean politician
Diosdado-Vicente Nsue Milang,Q112054486,Diosdado Vicente Nsue Milang,Equatoguinean politician
Domingo Mba Esono,Q112133572,Domingo Mba Esono,Equatoguinean politician
Elias Ovono Nguema,Q112133576,Elias Ovono Nguema Nfono,Equatoguinean politician
Enrique Ovono Ondo,Q112133571,Enrique Ovono Ondo,Equatoguinean politician
Enrique Ovono Ondó,Q112133571,Enrique Ovono Ondo,Equatoguinean politician
Eucario Bacale Angue,Q112133569,Eucario Bacale Angüe,Equatoguinean politician
Eucario Bacale Angüe,Q112133569,Eucario Bacale Angüe,Equatoguinean politician
Evangelina Filomena Oyo Ebule,Q42907516,Evangelina Oyo Ebule,Equatorial Guinean politician
Federico Abaga Ondó,Q112133397,Federico Abaga Ondo Nfono,Equatoguinean politician
Francisca Tachup Belope,Q112133725,Francisca Tachup Belope,Equatoguinean politician
Francisco Javier Ngomo,Q112162986,Francisco Javier Ngomo Mbengono,Equatoguinean politician
Francisco Mabale Nseng,Q112128497,Francisco Mabale Nseng,Equatoguinean politician
Francisco Mba Oló Bahamonde,Q112128550,Francisco Mba Olo Bahamonde,Equatoguinean politician
Francisco Mbengono,Q112162986,Francisco Javier Ngomo Mbengono,Equatoguinean politician
Francisco Ngomo Mbengono,Q112162986,Francisco Javier Ngomo Mbengono,Equatoguinean politician
Francisco Pascual Obama Asue,Q24761111,Francisco Pascual Obama Asue,Prime Minister of Equatorial Guinea (2016-present)
Francisco Pascual Obama Eyegue,Q24761111,Francisco Pascual Obama Asue,Prime Minister of Equatorial Guinea (2016-present)
Francisco Pascual [Eyegue] Obama Asue,Q24761111,Francisco Pascual Obama Asue,Prime Minister of Equatorial Guinea (2016-present)
Gabriel Mbega Lima,Q45042829,Gabriel Mbega,Equatorial Guinean Government member
Heriberto Meko Mbengono,Q112133249,Heriberto Meko Mbengono,Equatoguinean politician
Jeremias Ondó Ngomo,Q112162989,Jeremias Ondo Ngomo,Equatoguinean politician
Jeronimo Osa Osa Ekoro,Q112133417,Jeronimo Osa Osa Ekoro,Equatoguinean politician
Jesus Engonga Ndong,Q112133418,Jesus Engonga Ndong Eyono,Equatoguinean politician
Joaquin Mbana,Q112162990,Joaquín Mbana Nchama,Equatoguinean politician
Joaquín Mbana,Q112162990,Joaquín Mbana Nchama,Equatoguinean politician
Jose Eneme Oyono,Q5438667,José Eneme Oyono,Equatorial Guinean physician
Jose Esono Micha,Q55200319,Jose Esono Micha,Equatoguinean ambassador
José Elá Oyana,Q112162991,José Ela Oyana,Equatoguinean politician
Juan Ndong Nguema,Q63442033,Juan Ndong Nguema Mbengono,Equatoguinean diplomat
Juan-Antonio Bibang Nchuchuma,Q112133252,Juan Antonio Bibang Nchuchuma,Equatoguinean politician
Justino Obama Nvé,Q112162995,Justino Obama Nve,Equatoguinean politician
Lucas Nguema Esono,Q112128541,Lucas Nguema Esono Mbang,Equatoguinean politician
Marcelino Owono,Q29122413,Marcelino Owono Edu,politician
Margarita Alene Mba,Q112128475,Margarita Alene Mba,Equatoguinean politician
Mari Carmen Ecoro,Q43663042,Mari Carmen Ecoro,politician
Maria Consuelo Nguema Oyana,Q112162999,María Consuelo Nguema Oyana,Equatoguinean politician
Mariano Esono Ondo,Q112128514,Mariano Esono Ondo Mibui,Equatoguinean politician
Martin-Crisantos Ebe Mba,Q112133573,Martin Crisantos Ebe Mba,Equatoguinean politician
Mauricio Asumu Bokung,Q112128491,Mauricio Bokung Asumu,Equatoguinean politician
Miguel Abia Biteo,Q1353126,Miguel Abia Biteo Boricó,Equatoguinean politician (1961-2012)
Miguel Edjang Angue,Q112128511,Miguel Edjang Angue,Equatoguinean politician
Miguel Ekua Ondó,Q112163002,Miguel Ekua Ondo,Equatoguinean politician
Miguel Mba Nsang Mikue,Q112133727,Miguel Mba Nsang Mikue,Equatoguinean politician
Miguel Oyono Ndong Mifumu,Q108426370,Miguel Oyono Ndong Mifumu,Minister of foreign affairs for Equatorial Guinea
Nicolas Houtonji Acapo,Q112163009,Nicolás Houtonji Acapo,Equatoguinean politician
Nicolás Obama Nchama,Q112163007,Nicolas Obama Nchama,Equatoguinean politician
Pastor Micha Ondo Bile,Q58151,Pastor Micha Ondó Bile,Equatoguinean diplomat
Pastor Micha Ondó Bile,Q58151,Pastor Micha Ondó Bile,Equatoguinean diplomat
Pastor Micha Ondó Bilé,Q58151,Pastor Micha Ondó Bile,Equatoguinean diplomat
Pedro Cristino Bueriberi,Q112133443,Pedro Cristino Bueriberi Bokesa,Equatoguinean politician
Pedro Mabale Fuga,Q18823096,Pedro-Mabale Fuga Afang,Equatoguinean football player and manager
Pedro Ondó Nguema,Q112133267,Pedro Ondo Nguema Okomo,Equatoguinean politician
Pelagia Abeso,Q112133723,Pelagia Abeso Tomo,Equatoguinean politician
Pilar Buepoyo Boseka,Q7193770,Pilar Buepoyo Boseka,Equatoguinean politician
Prudencio Botey Sobole,Q61767161,Prudencio Botey Sobole,politician in Equatorial Guinea
Purificación Buari Lasaquero,Q112163010,Purificacion Buari Lasaqueros,Equatoguinean politician
Reginaldo Asu Mangue,Q112133445,Reginaldo Asu Mangue,Equatoguinean politician
Ricardo Mangue Obama Nfubea,Q602837,Ricardo Mangue Obama Nfubea,Equatoguinean politician
Ricardo Obama Nfubea,Q602837,Ricardo Mangue Obama Nfubea,Equatoguinean politician
Ruben Maye Nsue,Q55104856,Rubén Maye Nsue Mangue,Equatoguinean politician
Ruben Maye Nsue Mangue,Q55104856,Rubén Maye Nsue Mangue,Equatoguinean politician
Salomon Nfa Ndong,Q112133448,Salomon Nfa Ndong Nseng,Equatoguinean politician
Salvador Ondó Nkumu,Q112163016,Salvador Ondo Nkumu,Equatoguinean politician
Salvador Sabas Bolekia,Q112133591,Salvador-Sabas Bolekia Bueriberi,Equatoguinean politician
Santiago Esua Nko,Q112133776,Santiago Esua Nko,Equatoguinean politician
Santiago Nsobeya Efuman Nchama,Q17198388,Santiago Nchama,equatoguinean politician
Secundino Nvono Avomo,Q112133562,Secundino Nvono Avomo,Equatoguinean politician
Silvestre Siale Bileka,Q325106,Silvestre Siale Bileka,Equatoguinean politician
Teodoro Nguema Obiang Mangue,Q477201,Teodoro Nguema,"Equatoguinean politician, son of Equatorial Guinea President Teodoro Obiang"
Teresa Avoro,Q112133278,Teresa Avoro Nguema,Equatoguinean politician
Tomas Mecheba Fernandez Galilea,Q112133279,Tomas Mecheba Fernandez Galllea,Equatoguinean politician
Tomas Mecheba Fernández,Q112133279,Tomas Mecheba Fernandez Galllea,Equatoguinean politician
Tomas Mecheba Fernández Galilea,Q112133279,Tomas Mecheba Fernandez Galllea,Equatoguinean politician
Tomás Mecheba Fernández,Q112133279,Tomas Mecheba Fernandez Galllea,Equatoguinean politician
Vicente Ehate Tomi,Q2201806,Vicente Ehate Tomi,Equatorial Guinea politician
Victoriana Nchama Nsue,Q112128474,Victoriana Nchama Nsue,Equatoguinean politician
Victoriana Nchama Nsue Okomo,Q112128474,Victoriana Nchama Nsue,Equatoguinean politician
Victoriano Bibang Nsue Okomo,Q103916282,Victoriano Bibang Nsue Okomo,
Vidal Choni Becoba,Q112133282,Vidal Choni Becoba,Equatoguinean politician
Ángel Mesie Mibuy,Q112133230,Angel Mesie Mibuy,Equatoguinean politician
Col Manuel Nguema Mba,Q112162997,Manuel Nguema Mba,Equatoguinean politician
Gen Antonio Mba Nguema,Q63731266,Antonio Mba Nguema,
Gen Manuel Nguema Mba,Q112162997,Manuel Nguema Mba,
Gen Santiago Mauro Nguema,Q112133456,Santiago Nguema Abaga,
Agapito Mba Mokuy,Q24574730,Agapito Mba Mokuy,Equatorial Guinean politician
Alejandro Evuna Owono Asangono,Q112162958,Alejandro Evuna Owono Asangono,Equatoguinean politician
Alfonso Nsue Mokuy,Q112128551,Alfonso Nsue Mokuy,Equatoguinean politician
Angel Masie Mibuy,Q112128540,Angel Masie Mibuy,Equatoguinean politician
Aniceto Ebiaka Muete,Q112162960,Aniceto Ebiaka Muete,Equatoguinean politician
Antonio Fernando Nve Ngu,Q112128529,Antonio Fernando Nve Ngu,Equatoguinean politician
Antonio Martin Ndong Ntutumu,Q112162962,Antonio Martin Ndong Ntutumu,Equatoguinean politician
Atanasio Ela Ntugu Nsa,Q112128507,Atanasio Ela Ntugu Nsa,Equatoguinean politician
Baltasar Engonga Edjo,Q112162967,Baltasar Engonga Edjo,Equatoguinean politician
Braulio Ncogo Abegue,Q112162969,Braulio Ncogo Abegue,Equatoguinean politician
Candido Muatetema Rivas,Q1149802,Cándido Muatetema Rivas,Prime Minister of Equatorial Guinea (1960-2014)
Celestino Bonifacio Bakale Obiang,Q5057941,Celestino Bonifacio Bacale,Equatorial-Guinean politician (1957-2021)
Demetrio Elo Ndong Nsefumu,Q112128517,Demetrio Elo Ndong Nsefumu,Equatoguinean politician
Enrique Mercader Costa,Q112133587,Enrique Mercader Costa,Equatoguinean politician
Estanislao Don Malavo,Q112162980,Estanislao Don Malavo,Equatoguinean politician
Eulalia Envo Bela,Q112133557,Eulalia Envo Bela,Equatoguinean politician
Faustino Ndong Esono Eyang,Q112162982,Faustino Ndong Esono Eyang,Equatoguinean politician
Fausto Abeso Fuma,Q5438322,Fausto Abeso Fuma,Equatoguinean diplomat
Fidel Nsue Micha,Q112162984,Fidel Nsue Micha,Equatoguinean politician
Filiberto Ntutumu Nguema,Q45320454,Filiberto Ntutumu Nguema,
Fortunato Ofa Mbo Nchama,Q112128545,Fortunato Ofa Mbo Nchama,Equatoguinean politician
Francisco Mba Olo Bahamonde,Q112128550,Francisco Mba Olo Bahamonde,Equatoguinean politician
Francisco Pascual Eyegue Obama Asue,Q24761111,Francisco Pascual Obama Asue,Prime Minister of Equatorial Guinea (2016-present)
Gabriel Mbega Obiang Lima,Q45042829,Gabriel Mbega,Equatorial Guinean Government member
Hermes Ela Mifumu,Q112133412,Hermes Ela Mifumu,Equatoguinean politician
Ignacio Milam Tang,Q57898,Ignacio Milam Tang,Equatoguinean politician
Jeremias Ondo Ngomo,Q112162989,Jeremias Ondo Ngomo,Equatoguinean politician
Jesús Engonga Ndong,Q112133418,Jesus Engonga Ndong Eyono,Equatoguinean politician
Juan Nko Mbula,Q112162994,Juan Nko Mbula,Equatoguinean politician
Lucas Nguema Esono Mbang,Q112128541,Lucas Nguema Esono Mbang,Equatoguinean politician
Marcelino Owono Edu,Q29122413,Marcelino Owono Edu,politician
Marcelino Oyono Ntutumu,Q112128490,Marcelino Oyono Ntutumu,Equatoguinean politician
Mauricio Bokung Asumu,Q112128491,Mauricio Bokung Asumu,Equatoguinean politician
Melchor Esono Edjo,Q112133263,Melchor Esono Edjo,Equatoguinean politician
Miguel Abia Biteo Borico,Q1353126,Miguel Abia Biteo Boricó,Equatoguinean politician (1961-2012)
Nicolas Obama Nchama,Q112163007,Nicolas Obama Nchama,Equatoguinean politician
Pedro Ondo Nguema,Q112133267,Pedro Ondo Nguema Okomo,Equatoguinean politician
Rufino Ndong Esono Nchama,Q112163013,Rufino Ndong Esono Nchama,Equatoguinean politician
Salomon Nguema Owono,Q112128523,Salomón Nguema Owono,Equatoguinean politician
Santiago Ngua Nfumu,Q112128487,Santiago Ngua Nfumu Eyang,Equatoguinean politician
Santiago Nsobeya Efuman,Q17198388,Santiago Nchama,equatoguinean politician
Simeón Oyono Esono Angue,Q55098190,Simeón Oyono Esono,Equatoguinean politician
Teobaldo Nchaso Matomba,Q112163017,Teobaldo Nchaso Matomba,Equatoguinean politician
Teresa Efua Asangono,Q100786539,Teresa Efua Asangono,Equatoguinean politician
Tomas Esono Ava,Q112163018,Tomas Esono Ava,Equatoguinean politician
Vicente Eya Olomo,Q112163019,Vicente Eya Olomo,Equatoguinean politician
Vicente Rodriguez Siosa,Q112133280,Vicente Rodriguez Siosa,Equatoguinean politician
Vidal Djoni Becoba,Q112133282,Vidal Choni Becoba,Equatoguinean politician
Agapito Edu Ndong,Q112175129,Agapito Edu Ndong,Agapito Edu Ndong
Alberto Doria Lajay,Q112175131,Alberto Doria Lajay,Alberto Doria Lajay
Alejandro Micha Nsue,Q112175132,Alejandro Micha Nsue,Alejandro Micha Nsue
Andres Ndong Micha,Q112175133,Andres Ndong Micha,Andres Ndong Micha
Angel Eyene Avini,Q112175134,Angel Eyene Avini,Angel Eyene Avini
Aniceto Ebiaca Moete,Q112175135,Aniceto Ebiaca Moete,Aniceto Ebiaca Moete
Aniceto Ebiaca Muete,Q112175136,Aniceto Ebiaca Muete,Aniceto Ebiaca Muete
Antonio Martin Ndong Nchuchuma,Q112175137,Antonio Martin Ndong Nchuchuma,Antonio Martin Ndong Nchuchuma
Antonio Obama Ndong,Q112175138,Antonio Obama Ndong,Antonio Obama Ndong
Armando Dougan Champion,Q112175139,Armando Dougan Champion,Armando Dougan Champion
Atalia Modesta Baha Ondo,Q112175140,Atalia Modesta Baha Ondo,Atalia Modesta Baha Ondo
Baltasar Esono Eworo Fono,Q112175141,Baltasar Esono Eworo Fono,Baltasar Esono Eworo Fono
Baltasar Esono Eworo Nfono,Q112175142,Baltasar Esono Eworo Nfono,Baltasar Esono Eworo Nfono
Baltazar Engonga Edjo,Q112175143,Baltazar Engonga Edjo,Baltazar Engonga Edjo
Basilio Abá,Q112175144,Basilio Abá,Basilio Abá
Bonifacio Mitogo Edjang,Q112175145,Bonifacio Mitogo Edjang,Bonifacio Mitogo Edjang
Buenaventura Monsuy Asumu,Q112175146,Buenaventura Monsuy Asumu,Buenaventura Monsuy Asumu
Candido Ondó Nchama,Q112175148,Candido Ondó Nchama,Candido Ondó Nchama
Caridad Besari Borilo,Q112175149,Caridad Besari Borilo,Caridad Besari Borilo
Carlos Ntutumu Nengono,Q112175150,Carlos Ntutumu Nengono,Carlos Ntutumu Nengono
Carmelo Martin Modu Ebuka,Q112175152,Carmelo Martin Modu Ebuka,Carmelo Martin Modu Ebuka
Carmelo Modu Akuse Bindang,Q112175153,Carmelo Modu Akuse Bindang,Carmelo Modu Akuse Bindang
Cesar Aguado Hinestrosa Gomez,Q112175154,Cesar Aguado Hinestrosa Gomez,Cesar Aguado Hinestrosa Gomez
Clemente Engonga Nguema Onguene,Q112175155,Clemente Engonga Nguema Onguene,Clemente Engonga Nguema Onguene
Clemente Ferreiro Villarino,Q112175156,Clemente Ferreiro Villarino,Clemente Ferreiro Villarino
Col Francisco Edu Ngua,Q112175158,Col Francisco Edu Ngua,Col Francisco Edu Ngua
Constantino Ekong Nsue,Q112175159,Constantino Ekong Nsue,Constantino Ekong Nsue
Cresencio Tamarite Castaño,Q112175160,Cresencio Tamarite Castaño,Cresencio Tamarite Castaño
Cristobal Mañana Ela,Q112175161,Cristobal Mañana Ela,Cristobal Mañana Ela
Cándido Ncogo Engono Nchama,Q112175162,Cándido Ncogo Engono Nchama,Cándido Ncogo Engono Nchama
Daniel Ncogo Ncogo,Q112175163,Daniel Ncogo Ncogo,Daniel Ncogo Ncogo
Diosdado-Sergio Osa Mongono,Q112175164,Diosdado-Sergio Osa Mongono,Diosdado-Sergio Osa Mongono
Domingo Olomo Nve,Q112175165,Domingo Olomo Nve,Domingo Olomo Nve
Dámaso Mitoha Ondo'O Ayecaba,Q112175166,Dámaso Mitoha Ondo'O Ayecaba,Dámaso Mitoha Ondo'O Ayecaba
Ela Obiang,Q112175167,Ela Obiang,Ela Obiang
Esperanza Gestrudis Davies Eiso,Q112175168,Esperanza Gestrudis Davies Eiso,Esperanza Gestrudis Davies Eiso
Eugenio Nze Obiang,Q112175169,Eugenio Nze Obiang,Eugenio Nze Obiang
Eulalia Nvo Bela,Q112175170,Eulalia Nvo Bela,Eulalia Nvo Bela
Fernando Mabale Mba,Q112175171,Fernando Mabale Mba,Fernando Mabale Mba
Fidel-Marcos Meñe Ncogo,Q112175172,Fidel-Marcos Meñe Ncogo,Fidel-Marcos Meñe Ncogo
Florentino Alogo,Q112175173,Florentino Alogo,Florentino Alogo
Fortunato Osa Mbo,Q112175174,Fortunato Osa Mbo,Fortunato Osa Mbo
Francisca Tatchup Belope,Q112175175,Francisca Tatchup Belope,Francisca Tatchup Belope
Francisco Edu Ngua,Q112175176,Francisco Edu Ngua,Francisco Edu Ngua
Francisco Edu Ngua Mangue,Q112175177,Francisco Edu Ngua Mangue,Francisco Edu Ngua Mangue
Francisco Mba Mabale,Q112175178,Francisco Mba Mabale,Francisco Mba Mabale
Francisco Obá Bahamonde,Q112175179,Francisco Obá Bahamonde,Francisco Obá Bahamonde
Gen. Jaime Obama Owono Nchama,Q112175180,Gen. Jaime Obama Owono Nchama,Gen. Jaime Obama Owono Nchama
Gen. Melanio Ebendeng Nsomo,Q112175181,Gen. Melanio Ebendeng Nsomo,Gen. Melanio Ebendeng Nsomo
Gerónimo-Carlos Osa Osa Nzang,Q112175182,Gerónimo-Carlos Osa Osa Nzang,Gerónimo-Carlos Osa Osa Nzang
Guillermina Mokuy Mba Obono,Q112175183,Guillermina Mokuy Mba Obono,Guillermina Mokuy Mba Obono
Heriberto Meco Mbengono,Q112175184,Heriberto Meco Mbengono,Heriberto Meco Mbengono
Heriberto Miko Mbengono,Q112175185,Heriberto Miko Mbengono,Heriberto Miko Mbengono
Hilario Sisa Torrez,Q112175186,Hilario Sisa Torrez,Hilario Sisa Torrez
Hipólito Ondo Nvo Bela,Q112175187,Hipólito Ondo Nvo Bela,Hipólito Ondo Nvo Bela
Honorato Evita Oma,Q112175188,Honorato Evita Oma,Honorato Evita Oma
Isidoro Eyi Monsuy Andeme,Q112175189,Isidoro Eyi Monsuy Andeme,Isidoro Eyi Monsuy Andeme
Isidoro Eyi Monsuy Aneme,Q112175190,Isidoro Eyi Monsuy Aneme,Isidoro Eyi Monsuy Aneme
Jaime Ela Ndong / Oyana,Q112175191,Jaime Ela Ndong / Oyana,Jaime Ela Ndong / Oyana
Joaquin Elema Borengue,Q112175192,Joaquin Elema Borengue,Joaquin Elema Borengue
Jose Angel Boricó Moisés,Q112175193,Jose Angel Boricó Moisés,Jose Angel Boricó Moisés
Jose Maria Ondo Oyono,Q112175194,Jose Maria Ondo Oyono,Jose Maria Ondo Oyono
Jose Mba Obama Bendomo,Q112175195,Jose Mba Obama Bendomo,Jose Mba Obama Bendomo
José-Angel Borico Moises,Q112175196,José-Angel Borico Moises,José-Angel Borico Moises
José-Jaime Ondo Ndong,Q112175197,José-Jaime Ondo Ndong,José-Jaime Ondo Ndong
Juan Obama Mba,Q112175199,Juan Obama Mba,Juan Obama Mba
Juan Olo Mba Nseng,Q112175200,Juan Olo Mba Nseng,Juan Olo Mba Nseng
Juan Oló Mba Nseng,Q112175201,Juan Oló Mba Nseng,Juan Oló Mba Nseng
Leandro Micó Angué,Q112175202,Leandro Micó Angué,Leandro Micó Angué
Leocadio Ndong Moñung,Q112175203,Leocadio Ndong Moñung,Leocadio Ndong Moñung
Luciano Esono Bitegue,Q112175204,Luciano Esono Bitegue,Luciano Esono Bitegue
Manuel Asumu Cawan,Q112175205,Manuel Asumu Cawan,Manuel Asumu Cawan
Manuel Cristobal Morgades Ichaka,Q112175206,Manuel Cristobal Morgades Ichaka,Manuel Cristobal Morgades Ichaka
Manuel Cristóbal Morgades Ichaca,Q112175208,Manuel Cristóbal Morgades Ichaca,Manuel Cristóbal Morgades Ichaca
Manuel Sabino Asumu Cawan,Q112175209,Manuel Sabino Asumu Cawan,Manuel Sabino Asumu Cawan
Manuela Roca Botey,Q112175210,Manuela Roca Botey,Manuela Roca Botey
Maria Jesus Ncara Owono,Q112175211,Maria Jesus Ncara Owono,Maria Jesus Ncara Owono
Maria Leonor Epan Biribe,Q112175212,Maria Leonor Epan Biribe,Maria Leonor Epan Biribe
Maria Vida Asue Ndong,Q112175213,Maria Vida Asue Ndong,Maria Vida Asue Ndong
Martin Crisantos Esono Edjo,Q112175214,Martin Crisantos Esono Edjo,Martin Crisantos Esono Edjo
Martin Ndong Nsue,Q112175215,Martin Ndong Nsue,Martin Ndong Nsue
Melanio Ebendeng Nsono,Q112175218,Melanio Ebendeng Nsono,Melanio Ebendeng Nsono
Melchor Ekua Ondó,Q112175219,Melchor Ekua Ondó,Melchor Ekua Ondó
Miguel Abia Biteo Boriko,Q112175221,Miguel Abia Biteo Boriko,Miguel Abia Biteo Boriko
Miguel Esono Mansogo,Q112175222,Miguel Esono Mansogo,Miguel Esono Mansogo
Miguel Eyanga Djoba Malango,Q112175223,Miguel Eyanga Djoba Malango,Miguel Eyanga Djoba Malango
Miguel Nsue Micha,Q112175224,Miguel Nsue Micha,Miguel Nsue Micha
Miguel Obiang Abeso,Q112175225,Miguel Obiang Abeso,Miguel Obiang Abeso
Montserrat Afang Ondo,Q112175226,Montserrat Afang Ondo,Montserrat Afang Ondo
Norborto-Bartolomé Mensuy Mañe Andeme,Q112175227,Norborto-Bartolomé Mensuy Mañe Andeme,Norborto-Bartolomé Mensuy Mañe Andeme
Pascual Ondo Nse Oyana,Q112175228,Pascual Ondo Nse Oyana,Pascual Ondo Nse Oyana
Pedro Abaga Esono,Q112175229,Pedro Abaga Esono,Pedro Abaga Esono
Pedro Ela Nguema Buna,Q112175230,Pedro Ela Nguema Buna,Pedro Ela Nguema Buna
Pedro Nguema Ndong,Q112175231,Pedro Nguema Ndong,Pedro Nguema Ndong
Purificacion Buari Lazaquero,Q112175232,Purificacion Buari Lazaquero,Purificacion Buari Lazaquero
Purificación Buhari Lesaquero,Q112175233,Purificación Buhari Lesaquero,Purificación Buhari Lesaquero
Purificación Opo Barila,Q112175234,Purificación Opo Barila,Purificación Opo Barila
Reinaldo Asu Mangue,Q112175235,Reinaldo Asu Mangue,Reinaldo Asu Mangue
Rufino Ovono Ondo,Q112175236,Rufino Ovono Ondo,Rufino Ovono Ondo
Salomon Nguema Obono,Q112175237,Salomon Nguema Obono,Salomon Nguema Obono
Salvador Mangue Ayingono,Q112175239,Salvador Mangue Ayingono,Salvador Mangue Ayingono
Santiago Francisco Engonga Esono,Q112175240,Santiago Francisco Engonga Esono,Santiago Francisco Engonga Esono
Santiago Mba Eneme Nsuga,Q112175241,Santiago Mba Eneme Nsuga,Santiago Mba Eneme Nsuga
Santiago Nsobeya Barreiros,Q112175242,Santiago Nsobeya Barreiros,Santiago Nsobeya Barreiros
Santiago Ondo Esono Asangono,Q112175243,Santiago Ondo Esono Asangono,Santiago Ondo Esono Asangono
Secundino Oyono Awong Ada,Q112175244,Secundino Oyono Awong Ada,Secundino Oyono Awong Ada
Teodoro Nguema Obiang Mange,Q112175245,Teodoro Nguema Obiang Mange,Teodoro Nguema Obiang Mange
Valentin Ela Maye,Q112175246,Valentin Ela Maye,Valentin Ela Maye
Vicente Martinez Siosá,Q112175247,Vicente Martinez Siosá,Vicente Martinez Siosá
Victor Sima Oyana,Q112175248,Victor Sima Oyana,Victor Sima Oyana
Virgilio Seriche Riloha,Q112175249,Virgilio Seriche Riloha,Virgilio Seriche Riloha
